<?xml version="1.0" encoding="UTF-8"?>
<!-- IMPORTANT: This is an internal file that has been generated
     by the Xilinx ISE software.  Any direct editing or
     changes made to this file may result in unpredictable
     behavior or data corruption.  It is strongly advised that
     users do not edit the contents of this file. -->
<DeviceUsageSummary rev="1">
<DesignStatistics TimeStamp="Mon Jun 15 19:03:55 2009"><group name="MiscellaneousStatistics">
<item name="AVG_LUT_FAN_IN" rev="1">
<attrib name="value" value="3.110600"/></item>
<item name="AVG_SIG_FANOUT" rev="1">
<attrib name="value" value="1.780000"/></item>
<item name="FOUR_LOAD_SIG" rev="1">
<attrib name="value" value="2"/></item>
<item name="LUT" rev="1">
<attrib name="value" value="217"/></item>
<item name="MAX_SIG_FANOUT" rev="1">
<attrib name="value" value="37"/></item>
<item name="PK_NUM_4_INPUT_LUTS" rev="1">
<attrib name="value" value="217"/></item>
<item name="PK_NUM_4_INPUT_LUT_RTS" rev="1">
<attrib name="value" value="110"/></item>
<item name="PK_NUM_BONDED_IOBS" rev="1">
<attrib name="value" value="26"/></item>
<item name="PK_NUM_CYINIT" rev="1">
<attrib name="value" value="107"/></item>
<item name="PK_NUM_CYMUX" rev="1">
<attrib name="value" value="180"/></item>
<item name="PK_NUM_EQUIV_GATES" rev="1">
<attrib name="value" value="136"/></item>
<item name="PK_NUM_IOB_FFS" rev="1">
<attrib name="value" value="16"/></item>
<item name="PK_NUM_JTAG_GATES" rev="1">
<attrib name="value" value="26"/></item>
<item name="PK_NUM_LUTLESS_IOB_FFS" rev="1">
<attrib name="value" value="16"/></item>
<item name="PK_NUM_LUTLESS_SLICE_FFS" rev="1">
<attrib name="value" value="229"/></item>
<item name="PK_NUM_MUXF5" rev="1">
<attrib name="value" value="4"/></item>
<item name="PK_NUM_MUXFS" rev="1">
<attrib name="value" value="4"/></item>
<item name="PK_NUM_SLICELS" rev="1">
<attrib name="value" value="254"/></item>
<item name="PK_NUM_SLICES" rev="1">
<attrib name="value" value="254"/></item>
<item name="PK_NUM_SLICE_FFS" rev="1">
<attrib name="value" value="326"/></item>
<item name="PK_NUM_TOTAL_LUTLESS_REGISTERS" rev="1">
<attrib name="value" value="245"/></item>
<item name="PK_NUM_XBZ_BLOCKRAMS" rev="1">
<attrib name="value" value="2"/></item>
<item name="PK_NUM_XBZ_GCLKS" rev="1">
<attrib name="value" value="2"/></item>
<item name="PK_NUM_XOR" rev="1">
<attrib name="value" value="110"/></item>
<item name="SINGLE_LOAD_SIG" rev="1">
<attrib name="value" value="188"/></item>
<item name="THREE_LOAD_SIG" rev="1">
<attrib name="value" value="1"/></item>
<item name="TWO_LOAD_SIG" rev="1">
<attrib name="value" value="16"/></item>
<item name="Xilinx Core fifo_generator_v3_3, Coregen 9.1.03i_ip3" rev="1">
<attrib name="value" value="2"/></item>
</group>
</DesignStatistics>
<CmdHistory>
</CmdHistory>
</DeviceUsageSummary>
